{
  "router": "hybrid",
  "accuracy": 0.8793103448275862,
  "macro_f1": 0.8742892600078006,
  "router_usage": {
    "encoder": 139,
    "keyword": 35
  },
  "per_class": {
    "advisory": {
      "precision": 0.925,
      "recall": 0.9487179487179487,
      "f1-score": 0.9367088607594937,
      "support": 39.0
    },
    "conceptual": {
      "precision": 0.7435897435897436,
      "recall": 0.8055555555555556,
      "f1-score": 0.7733333333333333,
      "support": 36.0
    },
    "esg": {
      "precision": 0.8571428571428571,
      "recall": 0.9090909090909091,
      "f1-score": 0.8823529411764706,
      "support": 33.0
    },
    "quantitative": {
      "precision": 0.95,
      "recall": 0.8636363636363636,
      "f1-score": 0.9047619047619048,
      "support": 66.0
    }
  }
}