id,question_text,true_category,predicted_category,confidence,router_used,keyword_hits
Q-TVM-054,"An investment of ₹1,50,000 earns 9% annually. What will it be worth after 7 years?",quantitative,quantitative,0.9640267989591419,encoder,{}
Q-EQ-047,A firm trades at a premium despite lower current earnings. What does this suggest?,quantitative,quantitative,0.7514537681371604,encoder,{'advisory': ['suggest']}
C-RR-011,Why are risky assets expected to outperform risk-free assets over time?,conceptual,conceptual,0.6257628258980976,encoder,{'conceptual': ['why']}
C-RR-020,What limitation does variance have as a risk measure?,conceptual,quantitative,0.31227326494626156,encoder,{'quantitative': ['variance']}
Q-TVM-051,"An annuity pays ₹48,000 annually for 9 years. If the discount rate is 8%, what is its present value?",quantitative,quantitative,0.8,keyword,"{'quantitative': ['present value', 'discount rate', 'rate', 'annuity']}"
Q-PORT-052,Why does unsystematic risk decline as portfolio size increases?,quantitative,conceptual,0.41318558531949234,encoder,"{'advisory': ['portfolio'], 'conceptual': ['why']}"
Q-PORT-022,A portfolio adds an asset with zero correlation to existing assets. What happens to portfolio risk?,quantitative,quantitative,0.7019165138771754,encoder,{'advisory': ['portfolio']}
C-BF-017,What is the disposition effect?,conceptual,quantitative,0.46845119734814716,encoder,{}
Q-TVM-001,"A project requires an initial investment of ₹2,00,000 and generates ₹60,000 annually for 5 years. If the discount rate is 10%, compute the NPV.",quantitative,quantitative,0.8,keyword,"{'quantitative': ['compute', 'npv', 'discount rate', 'rate']}"
Q-TVM-063,"A firm evaluates a project paying ₹1,00,000 annually for 7 years with an initial investment of ₹5,90,000. If the discount rate is 9%, compute the NPV.",quantitative,quantitative,0.8,keyword,"{'quantitative': ['compute', 'npv', 'discount rate', 'rate']}"
C-CF-014,Why might high-growth firms prefer equity financing?,conceptual,conceptual,0.6887851681055039,encoder,{'conceptual': ['why']}
A-ADV-244,How can advisors help clients align impact goals with realistic expectations?,advisory,advisory,0.9271758144608566,encoder,{'advisory': ['advisor']}
Q-ADV-028,"A project yields ₹60,000 for 10 years at 8%. PV?",quantitative,quantitative,0.9015193385479314,encoder,{'quantitative': ['yield']}
Q-PRD-009,"If portfolio variance rises, what happens to risk?",quantitative,quantitative,0.7814283296735919,encoder,"{'quantitative': ['variance'], 'advisory': ['portfolio']}"
Q-DER-047,Why might a firm enter into a pay-fixed interest rate swap?,quantitative,quantitative,0.5916099591938343,encoder,"{'quantitative': ['rate'], 'conceptual': ['why']}"
Q-PORT-030,A portfolio reduces unsystematic risk but not systematic risk. Why?,quantitative,conceptual,0.4689744047121356,encoder,"{'advisory': ['portfolio'], 'conceptual': ['why']}"
Q-PRD-018,A higher Sharpe ratio indicates what?,quantitative,quantitative,0.8149878334526409,encoder,{}
E-SOC-018,Why is access to basic financial services a development priority?,esg,conceptual,0.44730993315038786,encoder,{'conceptual': ['why']}
E-SOC-003,How can FinTech innovations improve financial inclusion?,esg,esg,0.43579849841502494,encoder,{}
Q-EQ-017,A stock trading at a high P/E multiple is generally more sensitive to changes in earnings expectations. Why?,quantitative,quantitative,0.5319470678437138,encoder,{'conceptual': ['why']}
Q-PORT-015,A portfolio has returns of 10% one year and -5% the next. What is the arithmetic average return?,quantitative,quantitative,0.9628450103230957,encoder,"{'quantitative': ['return'], 'advisory': ['portfolio']}"
E-GOV-004,How does board diversity contribute to effective governance?,esg,esg,0.8319228407301528,encoder,{'esg': ['governance']}
A-ADV-049,Why is suitability important when advising senior citizens?,advisory,advisory,0.8915378913384274,encoder,"{'advisory': ['suitability'], 'conceptual': ['why']}"
Q-TVM-034,"How much must be invested today to receive ₹1,00,000 after 5 years at a 5% annual interest rate?",quantitative,quantitative,0.9272176089107528,encoder,{'quantitative': ['rate']}
Q-BOND-018,A bond with higher coupon rate generally has what characteristic compared to a lower coupon bond with same maturity?,quantitative,quantitative,0.9127609866376557,encoder,{'quantitative': ['rate']}
Q-RISK-035,Why do regulators prefer Expected Shortfall over VaR?,quantitative,conceptual,0.41920155023177597,encoder,{'conceptual': ['why']}
E-SOC-010,Why is employee training considered a social investment?,esg,esg,0.8615831745882269,encoder,{'conceptual': ['why']}
E-GOV-003,What is the role of the board of directors in ESG oversight?,esg,esg,0.8899132896154724,encoder,{'esg': ['esg']}
C-CF-039,How can weak governance amplify financial risk?,conceptual,conceptual,0.6583318207919074,encoder,{'esg': ['governance']}
A-ADV-161,How should advisors generally explain the impact of rising inflation on investments?,advisory,advisory,0.4,keyword,"{'advisory': ['should', 'advisor'], 'conceptual': ['explain']}"
A-ADV-075,How does diversification differ for conservative versus aggressive investors?,advisory,advisory,0.62115893377524,encoder,{'advisory': ['investor']}
Q-PORT-025,"A portfolio’s return is higher than a benchmark, but volatility is also higher. What trade-off is illustrated?",quantitative,quantitative,0.6,keyword,"{'quantitative': ['return', 'volatility', 'rate'], 'advisory': ['portfolio']}"
Q-DER-036,What obligation does a futures contract impose on both parties?,quantitative,quantitative,0.6098258803207691,encoder,{}
C-MKT-008,How do derivatives markets complement spot markets?,conceptual,conceptual,0.7562473562158336,encoder,{}
Q-PRD-023,Tail risk refers to what part of distribution?,quantitative,quantitative,0.46044590638374683,encoder,{}
A-ADV-060,Why is suitability central to ethical financial advisory practices?,advisory,advisory,0.4,keyword,"{'advisory': ['advisor', 'suitability'], 'conceptual': ['why']}"
Q-TVM-043,"What is the present value of ₹1,75,000 received after 6 years at a discount rate of 7%?",quantitative,quantitative,0.6,keyword,"{'quantitative': ['present value', 'discount rate', 'rate']}"
Q-PORT-056,A portfolio lies exactly on the Security Market Line. What does this imply?,quantitative,quantitative,0.4584976193693908,encoder,{'advisory': ['portfolio']}
E-GOV-019,Why is board oversight relevant to ESG integration?,esg,esg,0.8498013778405794,encoder,"{'conceptual': ['why'], 'esg': ['esg']}"
C-MKT-009,Why do companies prefer issuing shares rather than debt in some cases?,conceptual,conceptual,0.5294615998841982,encoder,{'conceptual': ['why']}
A-ADV-192,Why should advisors distinguish between structural change and temporary shocks?,advisory,advisory,0.4,keyword,"{'advisory': ['should', 'advisor'], 'conceptual': ['why']}"
Q-PORT-060,A portfolio’s risk is dominated by market movements. What type of risk is this?,quantitative,quantitative,0.6490299714429969,encoder,{'advisory': ['portfolio']}
C-FI-026,How can weak regulation contribute to financial crises?,conceptual,conceptual,0.6516137664914361,encoder,{}
Q-PORT-058,A portfolio’s beta is the weighted average of what?,quantitative,quantitative,0.6907640073740356,encoder,"{'quantitative': ['beta'], 'advisory': ['portfolio']}"
E-ENV-004,What is transition risk?,esg,esg,0.40029815890917153,encoder,{}
E-SOC-047,How do social investments enhance long-term firm resilience?,esg,esg,0.4877795470998302,encoder,{}
E-GOV-009,Why is audit committee independence important?,esg,esg,0.5140432404535583,encoder,{'conceptual': ['why']}
Q-BOND-039,"Which factor most directly increases a bond’s duration: higher coupon, longer maturity, or higher yield?",quantitative,quantitative,0.4,keyword,"{'quantitative': ['duration', 'yield']}"
A-ADV-215,Why do ESG preferences vary across investors?,advisory,advisory,0.6705111341394336,encoder,"{'advisory': ['investor'], 'conceptual': ['why'], 'esg': ['esg']}"
A-ADV-158,Why are defensive assets often discussed during downturns?,advisory,advisory,0.4210406356487698,encoder,{'conceptual': ['why']}
C-BF-005,What is loss aversion?,conceptual,conceptual,0.44694826904884566,encoder,{}
C-ME-006,Why does semi-strong efficiency challenge fundamental analysis?,conceptual,conceptual,0.5769794743611802,encoder,{'conceptual': ['why']}
Q-PORT-026,A portfolio includes assets with unstable correlations. What challenge does this pose?,quantitative,advisory,0.45313697362903216,encoder,{'advisory': ['portfolio']}
A-ADV-167,How should advisors frame short-term market reactions to central bank announcements?,advisory,advisory,0.4,keyword,"{'advisory': ['should', 'advisor']}"
E-ENV-061,Why is transparency important in green bond issuance?,esg,esg,0.6264763555106824,encoder,{'conceptual': ['why']}
E-ENV-041,How does climate transition risk affect credit risk assessment?,esg,esg,0.7238450807568335,encoder,{}
A-ADV-051,What suitability challenges arise for investors with irregular cash flows?,advisory,advisory,0.4,keyword,"{'quantitative': ['cash flow'], 'advisory': ['investor', 'suitability']}"
E-GOV-018,How does board accountability support long-term value creation?,esg,esg,0.7683059784559507,encoder,{}
Q-BOND-036,A bond with annual coupons has lower duration than an otherwise identical zero-coupon bond. Why?,quantitative,quantitative,0.8857444141215948,encoder,"{'quantitative': ['duration'], 'conceptual': ['why']}"
A-ADV-122,Why should liquidity constraints be reflected in portfolio allocation?,advisory,advisory,0.6,keyword,"{'advisory': ['should', 'portfolio', 'allocation'], 'conceptual': ['why']}"
C-CF-038,Why are shareholder rights important in corporate governance?,conceptual,esg,0.5866015123819831,encoder,"{'quantitative': ['rate'], 'conceptual': ['why'], 'esg': ['governance']}"
Q-ADV-008,"A perpetuity pays ₹40,000 annually. Discount rate is 8%. What is its value?",quantitative,quantitative,0.4,keyword,"{'quantitative': ['discount rate', 'rate']}"
A-ADV-170,Why might equity markets react negatively to tightening monetary policy?,advisory,conceptual,0.48578395025153964,encoder,{'conceptual': ['why']}
A-ADV-014,Why should advisors document suitability assessments?,advisory,advisory,0.6,keyword,"{'advisory': ['should', 'advisor', 'suitability'], 'conceptual': ['why']}"
C-BF-010,Why does confirmation bias reinforce poor investment decisions?,conceptual,conceptual,0.5272425335637634,encoder,{'conceptual': ['why']}
Q-DER-021,Which option strategy profits from low volatility?,quantitative,quantitative,0.4,keyword,"{'quantitative': ['volatility', 'rate']}"
Q-EQ-020,A company trades below book value despite profitability. What could justify this valuation?,quantitative,quantitative,0.6521359082193219,encoder,{}
A-ADV-038,What suitability considerations apply to investors with irregular income?,advisory,advisory,0.4,keyword,"{'advisory': ['investor', 'suitability']}"
E-ENV-003,What is physical climate risk?,esg,esg,0.8278188612200345,encoder,{}
C-MKT-038,Why is market confidence essential for financial stability?,conceptual,conceptual,0.7400202301231753,encoder,{'conceptual': ['why']}
E-GOV-002,Why is board independence important in corporate governance?,esg,esg,0.6171635684557802,encoder,"{'quantitative': ['rate'], 'conceptual': ['why'], 'esg': ['governance']}"
A-ADV-152,Why is maintaining liquidity important during market stress?,advisory,advisory,0.49208220806863534,encoder,{'conceptual': ['why']}
Q-DER-040,What happens to a futures position if margin requirements are not met?,quantitative,quantitative,0.6116340217849311,encoder,{}
A-ADV-252,How does weak ESG disclosure increase investment risk?,advisory,esg,0.47065886642058075,encoder,{'esg': ['esg']}
C-RR-050,Why should expected returns be interpreted with caution?,conceptual,conceptual,0.5078425760781822,encoder,"{'quantitative': ['return'], 'advisory': ['should'], 'conceptual': ['why']}"
Q-ADV-042,A project has delayed cash flows. What happens to IRR?,quantitative,quantitative,0.46989706022828565,encoder,{'quantitative': ['cash flow']}
C-RR-035,How does market risk premium influence expected returns?,conceptual,conceptual,0.8449544633567255,encoder,{'quantitative': ['return']}
Q-TVM-030,"A firm invests ₹6,00,000 in a project yielding ₹1,50,000 annually for 5 years. If the discount rate is 11%, compute the NPV.",quantitative,quantitative,1.0,keyword,"{'quantitative': ['compute', 'yield', 'npv', 'discount rate', 'rate']}"
E-GOV-045,What is the role of external assurance in governance reporting?,esg,esg,0.8760028231491646,encoder,{'esg': ['governance']}
A-ADV-088,How can market movements distort original asset allocation?,advisory,advisory,0.5795957511549087,encoder,{'advisory': ['allocation']}
A-ADV-018,Why is emergency fund availability relevant to investment advice?,advisory,advisory,0.8593900365641782,encoder,{'conceptual': ['why']}
E-ESG-021,What is the primary purpose of ESG disclosure frameworks?,esg,esg,0.7970590467139181,encoder,{'esg': ['esg']}
E-GOV-046,Why is independent assurance valued by stakeholders?,esg,esg,0.6846694402290538,encoder,{'conceptual': ['why']}
C-BF-030,How does representativeness bias contribute to bubbles?,conceptual,conceptual,0.6157594383115979,encoder,{}
A-ADV-111,How can asset allocation support income needs during retirement?,advisory,advisory,0.750068437828109,encoder,{'advisory': ['allocation']}
Q-DER-019,An investor writes a covered call. What is their primary objective?,quantitative,quantitative,0.42862553040230983,encoder,{'advisory': ['investor']}
Q-RISK-011,What does variance represent in return analysis?,quantitative,quantitative,0.4,keyword,"{'quantitative': ['variance', 'return']}"
E-ESG-036,Why is stakeholder engagement relevant to ESG reporting?,esg,esg,0.9224517293499962,encoder,"{'conceptual': ['why'], 'esg': ['esg']}"
C-BF-028,What role does sentiment play in market cycles?,conceptual,conceptual,0.5621385947434245,encoder,{}
E-ESG-035,How can ESG disclosures influence cost of capital?,esg,esg,0.6365701718205165,encoder,{'esg': ['esg']}
E-SOC-004,Why is access to credit important for small businesses?,esg,conceptual,0.5450087036055649,encoder,{'conceptual': ['why']}
E-ENV-053,How does renewable energy adoption affect long-term energy costs?,esg,esg,0.7131877233685711,encoder,{'esg': ['renewable']}
Q-EQ-032,A mature firm announces a large share buyback. How might this affect valuation under equity pricing models?,quantitative,quantitative,0.6055593581167367,encoder,{}
E-ENV-044,Why are offsets sometimes criticized in ESG analysis?,esg,esg,0.5227423621347629,encoder,"{'conceptual': ['why'], 'esg': ['esg']}"
Q-RISK-025,Why might historical VaR underestimate future risk?,quantitative,quantitative,0.39613242884612243,encoder,{'conceptual': ['why']}
C-MKT-030,Why are clearinghouses important in derivatives markets?,conceptual,conceptual,0.6525896199066549,encoder,{'conceptual': ['why']}
C-RR-044,Why might risk premia vary over time?,conceptual,conceptual,0.48754643146457266,encoder,{'conceptual': ['why']}
Q-ADV-015,"A firm receives ₹1,00,000 annually for 3 years starting next year at 8%. Compute PV.",quantitative,quantitative,0.9366855965932098,encoder,{'quantitative': ['compute']}
A-ADV-053,How should advisors address suitability for migrant or transient workers?,advisory,advisory,0.6,keyword,"{'advisory': ['should', 'advisor', 'suitability']}"
C-BF-033,Why does herding among professional investors occur?,conceptual,conceptual,0.57352771464811,encoder,"{'advisory': ['investor'], 'conceptual': ['why']}"
Q-PRD-021,"If VaR increases, portfolio risk?",quantitative,quantitative,0.7919622858666262,encoder,{'advisory': ['portfolio']}
A-ADV-022,What should an advisor consider when a client’s stated risk tolerance conflicts with behavior?,advisory,advisory,0.6,keyword,"{'advisory': ['should', 'advisor', 'risk tolerance']}"
C-CF-026,What role does the board of directors play in corporate governance?,conceptual,esg,0.6902971002365891,encoder,"{'quantitative': ['rate'], 'esg': ['governance']}"
E-GOV-060,Why is continuous improvement important in governance practices?,esg,esg,0.8230618240498478,encoder,"{'conceptual': ['why'], 'esg': ['governance']}"
C-FI-010,How do pension funds influence capital markets?,conceptual,conceptual,0.610858530289822,encoder,{}
Q-RISK-012,Why is variance less intuitive than standard deviation for risk interpretation?,quantitative,conceptual,0.4,keyword,"{'quantitative': ['variance'], 'conceptual': ['why', 'interpretation']}"
Q-TVM-005,"A project pays ₹80,000 annually for 4 years. If the discount rate is 10% and the initial investment is ₹2,50,000, compute NPV.",quantitative,quantitative,0.8,keyword,"{'quantitative': ['compute', 'npv', 'discount rate', 'rate']}"
C-CF-025,Why does excessive executive compensation raise governance concerns?,conceptual,esg,0.5890058188051976,encoder,"{'conceptual': ['why'], 'esg': ['governance']}"
A-ADV-226,How can ESG discussions enhance investor engagement?,advisory,advisory,0.5475361466299601,encoder,"{'advisory': ['investor'], 'esg': ['esg']}"
Q-ADV-011,"A firm invests ₹5,00,000 and receives ₹2,00,000 in year 2 and ₹4,00,000 in year 4 at 12%. Compute PV.",quantitative,quantitative,0.9618124544406318,encoder,{'quantitative': ['compute']}
A-ADV-050,How should advisors support clients with disabilities in financial decision-making?,advisory,advisory,0.4,keyword,"{'advisory': ['should', 'advisor']}"
Q-PORT-043,What does the CAPM model relate expected return to?,quantitative,conceptual,0.6214219396577336,encoder,{'quantitative': ['return']}
A-ADV-035,How should advisors manage emotional reactions during market downturns?,advisory,advisory,0.4,keyword,"{'advisory': ['should', 'advisor']}"
A-ADV-055,How does suitability assessment support financial inclusion goals?,advisory,advisory,0.4760187890622094,encoder,{'advisory': ['suitability']}
C-MKT-021,How does information asymmetry affect financial market efficiency?,conceptual,conceptual,0.900598250376255,encoder,{}
A-ADV-217,Why should advisors avoid assuming ESG preferences?,advisory,advisory,0.4,keyword,"{'advisory': ['should', 'advisor'], 'conceptual': ['why'], 'esg': ['esg']}"
C-MKT-002,What distinguishes primary markets from secondary markets?,conceptual,conceptual,0.8449015825946398,encoder,{}
Q-BOND-007,"A bond with face value ₹1,000 pays ₹80 annually and matures in 10 years. If the market price is ₹1,050, is the YTM higher or lower than the coupon rate?",quantitative,quantitative,0.9745632929853153,encoder,{'quantitative': ['rate']}
Q-TVM-023,"A project requires an investment of ₹3,50,000 and pays ₹90,000 annually for 6 years. If the discount rate is 9%, compute the NPV.",quantitative,quantitative,0.8,keyword,"{'quantitative': ['compute', 'npv', 'discount rate', 'rate']}"
C-ME-024,What is momentum in asset returns?,conceptual,conceptual,0.49196819673727193,encoder,{'quantitative': ['return']}
Q-PORT-027,A portfolio’s realized return differs from expected return. What explains this difference?,quantitative,quantitative,0.6704449997909351,encoder,"{'quantitative': ['return'], 'advisory': ['portfolio'], 'conceptual': ['explain']}"
C-RR-042,Why is expected return not guaranteed even for high-beta assets?,conceptual,quantitative,0.4,keyword,"{'quantitative': ['beta', 'return'], 'conceptual': ['why']}"
A-ADV-090,How does rebalancing enforce investment discipline?,advisory,advisory,0.7270195765977746,encoder,{}
E-SOC-050,Why is social impact increasingly integrated into investment analysis?,esg,esg,0.5702371046862185,encoder,"{'quantitative': ['rate'], 'conceptual': ['why']}"
Q-TVM-008,"A project generates ₹95,000 annually for 5 years. If the discount rate is 11% and the initial investment is ₹3,40,000, compute the NPV.",quantitative,quantitative,0.8,keyword,"{'quantitative': ['compute', 'npv', 'discount rate', 'rate']}"
E-ESG-012,What role does governance play in ESG frameworks?,esg,esg,0.4,keyword,"{'esg': ['esg', 'governance']}"
C-BF-039,Why are behavioral anomalies difficult to exploit systematically?,conceptual,conceptual,0.7223004180600787,encoder,{'conceptual': ['why']}
C-FI-012,What systemic risk arises from interconnected intermediaries?,conceptual,conceptual,0.5192592347501604,encoder,{}
Q-DER-070,Why do derivatives require strong risk governance frameworks?,quantitative,conceptual,0.6024647378472912,encoder,"{'conceptual': ['why'], 'esg': ['governance']}"
Q-BOND-045,A bond investor observes that two bonds with similar maturities react differently to yield changes. What factor could explain this difference?,quantitative,quantitative,0.7733872245670362,encoder,"{'quantitative': ['yield'], 'advisory': ['investor'], 'conceptual': ['explain']}"
C-CF-019,How does macroeconomic uncertainty affect financing decisions?,conceptual,conceptual,0.6120573908033325,encoder,{}
Q-RISK-021,What does Value at Risk (VaR) measure?,quantitative,quantitative,0.7017593860132574,encoder,{}
C-FI-015,Why are shadow banking activities a regulatory concern?,conceptual,esg,0.5817225579796335,encoder,{'conceptual': ['why']}
Q-PRD-045,Misuse of derivatives can increase what?,quantitative,quantitative,0.4795358662553024,encoder,{}
A-ADV-204,How does overconfidence affect responses to uncertainty?,advisory,advisory,0.6027465037431996,encoder,{}
C-CF-020,Why is optimal capital structure firm-specific?,conceptual,conceptual,0.7709307638862174,encoder,{'conceptual': ['why']}
C-ME-038,How do factor models reinterpret anomalies?,conceptual,conceptual,0.5864424526479919,encoder,{}
Q-ADV-005,"A machine costs ₹6,00,000 and saves ₹1,60,000 per year for 5 years at 11%. Compute NPV.",quantitative,quantitative,0.4,keyword,"{'quantitative': ['compute', 'npv']}"
A-ADV-107,How does inflation uncertainty influence long-term asset allocation?,advisory,advisory,0.7836604909245735,encoder,{'advisory': ['allocation']}
Q-BOND-004,"A zero-coupon bond with face value ₹1,000 matures in 4 years. If the discount rate is 8%, what is its price?",quantitative,quantitative,0.4,keyword,"{'quantitative': ['discount rate', 'rate']}"
C-MKT-033,How does market fragmentation affect price discovery?,conceptual,conceptual,0.6544306860057401,encoder,{}
Q-DER-058,A futures hedge eliminates price risk but increases liquidity risk. Why?,quantitative,quantitative,0.5851027810269405,encoder,{'conceptual': ['why']}
Q-TVM-069,"An annuity pays ₹38,000 annually for 15 years. If the discount rate is 7%, what is its present value?",quantitative,quantitative,0.8,keyword,"{'quantitative': ['present value', 'discount rate', 'rate', 'annuity']}"
E-ENV-050,How can climate transition risk affect long-term competitiveness?,esg,esg,0.7782389696396802,encoder,{}
C-FI-008,Why are mutual funds considered financial intermediaries?,conceptual,conceptual,0.7964884730763347,encoder,{'conceptual': ['why']}
Q-BOND-023,"If interest rates increase by a small amount, what happens to the price of a bond with high duration?",quantitative,quantitative,0.4,keyword,"{'quantitative': ['duration', 'rate']}"
A-ADV-073,How does inflation influence asset allocation decisions?,advisory,advisory,0.6802850707331676,encoder,{'advisory': ['allocation']}
A-ADV-104,Why might investors rebalance after strong equity market rallies?,advisory,advisory,0.5784745119469584,encoder,"{'advisory': ['investor'], 'conceptual': ['why']}"
E-SOC-014,Why is equal pay an ESG concern?,esg,esg,0.8261836798032977,encoder,"{'conceptual': ['why'], 'esg': ['esg']}"
Q-EQ-002,"A company pays a constant annual dividend of ₹8. If the required return is 8%, what is the value of the stock?",quantitative,quantitative,0.9571568312458807,encoder,{'quantitative': ['return']}
Q-PORT-034,Why is covariance important in portfolio risk calculation?,quantitative,quantitative,0.4,keyword,"{'quantitative': ['variance', 'covariance'], 'advisory': ['portfolio'], 'conceptual': ['why']}"
E-SOC-041,How do social controversies affect firm valuation?,esg,esg,0.558784476421602,encoder,{}
A-ADV-239,Why is long-term perspective important when evaluating ESG performance?,advisory,advisory,0.6431943333086627,encoder,"{'conceptual': ['why'], 'esg': ['esg']}"
Q-DER-015,"What happens to a call option’s value when interest rates rise, all else equal?",quantitative,quantitative,0.9505637134190578,encoder,{'quantitative': ['rate']}
E-ENV-065,What risk do renewable energy projects face without policy support?,esg,esg,0.8275787323731701,encoder,{'esg': ['renewable']}
Q-BOND-031,What does convexity measure in bond pricing?,quantitative,quantitative,0.7018636118158271,encoder,{'quantitative': ['convexity']}
E-ENV-035,Why are interim targets important in net-zero strategies?,esg,advisory,0.36118779733529766,encoder,"{'quantitative': ['rate'], 'conceptual': ['why']}"
C-BF-022,Why doesn’t arbitrage always eliminate mispricing quickly?,conceptual,conceptual,0.7252546124735855,encoder,{'conceptual': ['why']}
Q-RISK-039,Which type of return distribution increases downside risk?,quantitative,quantitative,0.41078355206513084,encoder,{'quantitative': ['return']}
A-ADV-008,Why is understanding tax considerations relevant in advisory contexts?,advisory,advisory,0.5647039283880858,encoder,"{'advisory': ['advisor'], 'conceptual': ['why']}"
A-ADV-084,Why is drawdown risk relevant for asset allocation decisions?,advisory,advisory,0.7079452458200454,encoder,"{'advisory': ['allocation'], 'conceptual': ['why']}"
E-GOV-035,How can governance failures affect firm valuation?,esg,esg,0.5220010293650509,encoder,{'esg': ['governance']}
Q-BOND-050,A zero-coupon bond is more volatile in price than a coupon-paying bond with the same maturity. Why?,quantitative,quantitative,0.8337915733440762,encoder,{'conceptual': ['why']}
A-ADV-188,Why can crisis periods strengthen long-term advisory relationships?,advisory,advisory,0.8713366502266424,encoder,"{'advisory': ['advisor'], 'conceptual': ['why']}"
A-ADV-117,Why is scenario planning useful in asset allocation?,advisory,advisory,0.8559034092817577,encoder,"{'advisory': ['allocation'], 'conceptual': ['why']}"
Q-DER-068,A firm uses derivatives primarily for accounting benefits. What risk arises?,quantitative,conceptual,0.5401014426157271,encoder,{}
A-ADV-241,Why might ESG funds exhibit tracking error relative to indices?,advisory,advisory,0.41452834046810244,encoder,"{'conceptual': ['why'], 'esg': ['esg']}"
A-ADV-002,Why is investment time horizon important in suitability assessment?,advisory,advisory,0.7332628906052111,encoder,"{'advisory': ['suitability'], 'conceptual': ['why']}"
Q-PORT-024,A portfolio contains stocks and bonds. What diversification benefit does this offer?,quantitative,quantitative,0.5439927192879779,encoder,{'advisory': ['portfolio']}
Q-RISK-036,What is downside risk primarily concerned with?,quantitative,advisory,0.34743199279283793,encoder,{}
E-ENV-027,Why is Scope 3 emissions disclosure increasingly emphasized?,esg,esg,0.9194466767515315,encoder,"{'conceptual': ['why'], 'esg': ['emissions']}"
A-ADV-092,How does transaction cost affect rebalancing decisions?,advisory,advisory,0.3705255018140561,encoder,{}
E-GOV-049,How do shareholder voting rights support governance accountability?,esg,esg,0.8246688778331227,encoder,{'esg': ['governance']}
Q-BOND-030,"If two bonds have the same duration, what can be said about their sensitivity to interest rate changes?",quantitative,quantitative,0.4,keyword,"{'quantitative': ['duration', 'rate']}"
