{
  "router_type": "keyword",
  "seed": 42,
  "keyword_map": {
    "quantitative": [
      "npv",
      "irr",
      "duration",
      "convexity",
      "calculate",
      "compute",
      "valuation",
      "coupon",
      "ytm",
      "yield",
      "volatility",
      "standard deviation",
      "beta",
      "sharpe",
      "sortino",
      "return",
      "portfolio",
      "annuity",
      "present value",
      "future value",
      "discount rate",
      "rate",
      "cash flow",
      "price"
    ],
    "conceptual": [
      "define",
      "explain",
      "compare",
      "difference",
      "what is",
      "why",
      "theory",
      "principle",
      "concept",
      "model",
      "framework",
      "interpret"
    ],
    "esg": [
      "esg",
      "environment",
      "social",
      "governance",
      "sustainability",
      "scope 1",
      "scope 2",
      "scope 3",
      "materiality",
      "transition risk",
      "carbon",
      "emissions",
      "disclosure",
      "sdg",
      "climate"
    ],
    "advisory": [
      "investor",
      "recommend",
      "advise",
      "should i",
      "should the investor",
      "allocate",
      "risk tolerance",
      "portfolio strategy",
      "given this scenario",
      "in this situation",
      "client"
    ]
  }
}