id,question_text,true_category,predicted_category,confidence,matched_keywords,router_used
Q-TVM-054,"An investment of ₹1,50,000 earns 9% annually. What will it be worth after 7 years?",quantitative,unrouted,0.0,{},keyword
Q-EQ-047,A firm trades at a premium despite lower current earnings. What does this suggest?,quantitative,unrouted,0.0,{},keyword
C-RR-011,Why are risky assets expected to outperform risk-free assets over time?,conceptual,conceptual,0.08,{'conceptual': ['why']},keyword
C-RR-020,What limitation does variance have as a risk measure?,conceptual,unrouted,0.0,{},keyword
Q-TVM-051,"An annuity pays ₹48,000 annually for 9 years. If the discount rate is 8%, what is its present value?",quantitative,quantitative,0.17,"{'quantitative': ['annuity', 'present value', 'discount rate', 'rate'], 'conceptual': ['what is']}",keyword
Q-PORT-052,Why does unsystematic risk decline as portfolio size increases?,quantitative,quantitative,0.04,"{'quantitative': ['portfolio'], 'conceptual': ['why']}",keyword
Q-PORT-022,A portfolio adds an asset with zero correlation to existing assets. What happens to portfolio risk?,quantitative,quantitative,0.04,{'quantitative': ['portfolio']},keyword
C-BF-017,What is the disposition effect?,conceptual,conceptual,0.08,{'conceptual': ['what is']},keyword
Q-TVM-001,"A project requires an initial investment of ₹2,00,000 and generates ₹60,000 annually for 5 years. If the discount rate is 10%, compute the NPV.",quantitative,quantitative,0.17,"{'quantitative': ['npv', 'compute', 'discount rate', 'rate']}",keyword
Q-TVM-063,"A firm evaluates a project paying ₹1,00,000 annually for 7 years with an initial investment of ₹5,90,000. If the discount rate is 9%, compute the NPV.",quantitative,quantitative,0.17,"{'quantitative': ['npv', 'compute', 'discount rate', 'rate']}",keyword
C-CF-014,Why might high-growth firms prefer equity financing?,conceptual,conceptual,0.08,{'conceptual': ['why']},keyword
A-ADV-244,How can advisors help clients align impact goals with realistic expectations?,advisory,advisory,0.09,{'advisory': ['client']},keyword
Q-ADV-028,"A project yields ₹60,000 for 10 years at 8%. PV?",quantitative,quantitative,0.04,{'quantitative': ['yield']},keyword
Q-PRD-009,"If portfolio variance rises, what happens to risk?",quantitative,quantitative,0.04,{'quantitative': ['portfolio']},keyword
Q-DER-047,Why might a firm enter into a pay-fixed interest rate swap?,quantitative,quantitative,0.04,"{'quantitative': ['rate'], 'conceptual': ['why']}",keyword
Q-PORT-030,A portfolio reduces unsystematic risk but not systematic risk. Why?,quantitative,quantitative,0.04,"{'quantitative': ['portfolio'], 'conceptual': ['why']}",keyword
Q-PRD-018,A higher Sharpe ratio indicates what?,quantitative,quantitative,0.04,{'quantitative': ['sharpe']},keyword
E-SOC-018,Why is access to basic financial services a development priority?,esg,conceptual,0.08,{'conceptual': ['why']},keyword
E-SOC-003,How can FinTech innovations improve financial inclusion?,esg,unrouted,0.0,{},keyword
Q-EQ-017,A stock trading at a high P/E multiple is generally more sensitive to changes in earnings expectations. Why?,quantitative,conceptual,0.08,{'conceptual': ['why']},keyword
Q-PORT-015,A portfolio has returns of 10% one year and -5% the next. What is the arithmetic average return?,quantitative,quantitative,0.08,"{'quantitative': ['return', 'portfolio'], 'conceptual': ['what is']}",keyword
E-GOV-004,How does board diversity contribute to effective governance?,esg,esg,0.07,{'esg': ['governance']},keyword
A-ADV-049,Why is suitability important when advising senior citizens?,advisory,conceptual,0.08,{'conceptual': ['why']},keyword
Q-TVM-034,"How much must be invested today to receive ₹1,00,000 after 5 years at a 5% annual interest rate?",quantitative,quantitative,0.04,{'quantitative': ['rate']},keyword
Q-BOND-018,A bond with higher coupon rate generally has what characteristic compared to a lower coupon bond with same maturity?,quantitative,quantitative,0.08,"{'quantitative': ['coupon', 'rate'], 'conceptual': ['compare']}",keyword
Q-RISK-035,Why do regulators prefer Expected Shortfall over VaR?,quantitative,conceptual,0.08,{'conceptual': ['why']},keyword
E-SOC-010,Why is employee training considered a social investment?,esg,conceptual,0.08,"{'conceptual': ['why'], 'esg': ['social']}",keyword
E-GOV-003,What is the role of the board of directors in ESG oversight?,esg,conceptual,0.08,"{'conceptual': ['what is'], 'esg': ['esg']}",keyword
C-CF-039,How can weak governance amplify financial risk?,conceptual,esg,0.07,{'esg': ['governance']},keyword
A-ADV-161,How should advisors generally explain the impact of rising inflation on investments?,advisory,conceptual,0.08,{'conceptual': ['explain']},keyword
A-ADV-075,How does diversification differ for conservative versus aggressive investors?,advisory,advisory,0.09,{'advisory': ['investor']},keyword
Q-PORT-025,"A portfolio’s return is higher than a benchmark, but volatility is also higher. What trade-off is illustrated?",quantitative,quantitative,0.17,"{'quantitative': ['volatility', 'return', 'portfolio', 'rate']}",keyword
Q-DER-036,What obligation does a futures contract impose on both parties?,quantitative,unrouted,0.0,{},keyword
C-MKT-008,How do derivatives markets complement spot markets?,conceptual,unrouted,0.0,{},keyword
Q-PRD-023,Tail risk refers to what part of distribution?,quantitative,unrouted,0.0,{},keyword
A-ADV-060,Why is suitability central to ethical financial advisory practices?,advisory,conceptual,0.08,{'conceptual': ['why']},keyword
Q-TVM-043,"What is the present value of ₹1,75,000 received after 6 years at a discount rate of 7%?",quantitative,quantitative,0.12,"{'quantitative': ['present value', 'discount rate', 'rate'], 'conceptual': ['what is']}",keyword
Q-PORT-056,A portfolio lies exactly on the Security Market Line. What does this imply?,quantitative,quantitative,0.04,{'quantitative': ['portfolio']},keyword
E-GOV-019,Why is board oversight relevant to ESG integration?,esg,conceptual,0.08,"{'conceptual': ['why'], 'esg': ['esg']}",keyword
C-MKT-009,Why do companies prefer issuing shares rather than debt in some cases?,conceptual,conceptual,0.08,{'conceptual': ['why']},keyword
A-ADV-192,Why should advisors distinguish between structural change and temporary shocks?,advisory,conceptual,0.08,{'conceptual': ['why']},keyword
Q-PORT-060,A portfolio’s risk is dominated by market movements. What type of risk is this?,quantitative,quantitative,0.04,{'quantitative': ['portfolio']},keyword
C-FI-026,How can weak regulation contribute to financial crises?,conceptual,unrouted,0.0,{},keyword
Q-PORT-058,A portfolio’s beta is the weighted average of what?,quantitative,quantitative,0.08,"{'quantitative': ['beta', 'portfolio']}",keyword
E-ENV-004,What is transition risk?,esg,conceptual,0.08,"{'conceptual': ['what is'], 'esg': ['transition risk']}",keyword
E-SOC-047,How do social investments enhance long-term firm resilience?,esg,esg,0.07,{'esg': ['social']},keyword
E-GOV-009,Why is audit committee independence important?,esg,conceptual,0.08,{'conceptual': ['why']},keyword
Q-BOND-039,"Which factor most directly increases a bond’s duration: higher coupon, longer maturity, or higher yield?",quantitative,quantitative,0.12,"{'quantitative': ['duration', 'coupon', 'yield']}",keyword
A-ADV-215,Why do ESG preferences vary across investors?,advisory,conceptual,0.08,"{'conceptual': ['why'], 'esg': ['esg'], 'advisory': ['investor']}",keyword
A-ADV-158,Why are defensive assets often discussed during downturns?,advisory,conceptual,0.08,{'conceptual': ['why']},keyword
C-BF-005,What is loss aversion?,conceptual,conceptual,0.08,{'conceptual': ['what is']},keyword
C-ME-006,Why does semi-strong efficiency challenge fundamental analysis?,conceptual,conceptual,0.08,{'conceptual': ['why']},keyword
Q-PORT-026,A portfolio includes assets with unstable correlations. What challenge does this pose?,quantitative,quantitative,0.04,{'quantitative': ['portfolio']},keyword
A-ADV-167,How should advisors frame short-term market reactions to central bank announcements?,advisory,unrouted,0.0,{},keyword
E-ENV-061,Why is transparency important in green bond issuance?,esg,conceptual,0.08,{'conceptual': ['why']},keyword
E-ENV-041,How does climate transition risk affect credit risk assessment?,esg,esg,0.13,"{'esg': ['transition risk', 'climate']}",keyword
A-ADV-051,What suitability challenges arise for investors with irregular cash flows?,advisory,quantitative,0.08,"{'quantitative': ['irr', 'cash flow'], 'advisory': ['investor']}",keyword
E-GOV-018,How does board accountability support long-term value creation?,esg,unrouted,0.0,{},keyword
Q-BOND-036,A bond with annual coupons has lower duration than an otherwise identical zero-coupon bond. Why?,quantitative,quantitative,0.08,"{'quantitative': ['duration', 'coupon'], 'conceptual': ['why']}",keyword
A-ADV-122,Why should liquidity constraints be reflected in portfolio allocation?,advisory,quantitative,0.04,"{'quantitative': ['portfolio'], 'conceptual': ['why']}",keyword
C-CF-038,Why are shareholder rights important in corporate governance?,conceptual,quantitative,0.04,"{'quantitative': ['rate'], 'conceptual': ['why'], 'esg': ['governance']}",keyword
Q-ADV-008,"A perpetuity pays ₹40,000 annually. Discount rate is 8%. What is its value?",quantitative,quantitative,0.08,"{'quantitative': ['discount rate', 'rate'], 'conceptual': ['what is']}",keyword
A-ADV-170,Why might equity markets react negatively to tightening monetary policy?,advisory,conceptual,0.08,{'conceptual': ['why']},keyword
A-ADV-014,Why should advisors document suitability assessments?,advisory,conceptual,0.08,{'conceptual': ['why']},keyword
C-BF-010,Why does confirmation bias reinforce poor investment decisions?,conceptual,conceptual,0.08,{'conceptual': ['why']},keyword
Q-DER-021,Which option strategy profits from low volatility?,quantitative,quantitative,0.08,"{'quantitative': ['volatility', 'rate']}",keyword
Q-EQ-020,A company trades below book value despite profitability. What could justify this valuation?,quantitative,quantitative,0.04,{'quantitative': ['valuation']},keyword
A-ADV-038,What suitability considerations apply to investors with irregular income?,advisory,quantitative,0.04,"{'quantitative': ['irr'], 'advisory': ['investor']}",keyword
E-ENV-003,What is physical climate risk?,esg,conceptual,0.08,"{'conceptual': ['what is'], 'esg': ['climate']}",keyword
C-MKT-038,Why is market confidence essential for financial stability?,conceptual,conceptual,0.08,{'conceptual': ['why']},keyword
E-GOV-002,Why is board independence important in corporate governance?,esg,quantitative,0.04,"{'quantitative': ['rate'], 'conceptual': ['why'], 'esg': ['governance']}",keyword
A-ADV-152,Why is maintaining liquidity important during market stress?,advisory,conceptual,0.08,{'conceptual': ['why']},keyword
Q-DER-040,What happens to a futures position if margin requirements are not met?,quantitative,unrouted,0.0,{},keyword
A-ADV-252,How does weak ESG disclosure increase investment risk?,advisory,esg,0.13,"{'esg': ['esg', 'disclosure']}",keyword
C-RR-050,Why should expected returns be interpreted with caution?,conceptual,conceptual,0.17,"{'quantitative': ['return'], 'conceptual': ['why', 'interpret']}",keyword
Q-ADV-042,A project has delayed cash flows. What happens to IRR?,quantitative,quantitative,0.08,"{'quantitative': ['irr', 'cash flow']}",keyword
C-RR-035,How does market risk premium influence expected returns?,conceptual,quantitative,0.04,{'quantitative': ['return']},keyword
Q-TVM-030,"A firm invests ₹6,00,000 in a project yielding ₹1,50,000 annually for 5 years. If the discount rate is 11%, compute the NPV.",quantitative,quantitative,0.21,"{'quantitative': ['npv', 'compute', 'yield', 'discount rate', 'rate']}",keyword
E-GOV-045,What is the role of external assurance in governance reporting?,esg,conceptual,0.08,"{'conceptual': ['what is'], 'esg': ['governance']}",keyword
A-ADV-088,How can market movements distort original asset allocation?,advisory,unrouted,0.0,{},keyword
A-ADV-018,Why is emergency fund availability relevant to investment advice?,advisory,conceptual,0.08,{'conceptual': ['why']},keyword
E-ESG-021,What is the primary purpose of ESG disclosure frameworks?,esg,conceptual,0.17,"{'conceptual': ['what is', 'framework'], 'esg': ['esg', 'disclosure']}",keyword
E-GOV-046,Why is independent assurance valued by stakeholders?,esg,conceptual,0.08,{'conceptual': ['why']},keyword
C-BF-030,How does representativeness bias contribute to bubbles?,conceptual,unrouted,0.0,{},keyword
A-ADV-111,How can asset allocation support income needs during retirement?,advisory,unrouted,0.0,{},keyword
Q-DER-019,An investor writes a covered call. What is their primary objective?,quantitative,conceptual,0.08,"{'conceptual': ['what is'], 'advisory': ['investor']}",keyword
Q-RISK-011,What does variance represent in return analysis?,quantitative,quantitative,0.04,{'quantitative': ['return']},keyword
E-ESG-036,Why is stakeholder engagement relevant to ESG reporting?,esg,conceptual,0.08,"{'conceptual': ['why'], 'esg': ['esg']}",keyword
C-BF-028,What role does sentiment play in market cycles?,conceptual,unrouted,0.0,{},keyword
E-ESG-035,How can ESG disclosures influence cost of capital?,esg,esg,0.13,"{'esg': ['esg', 'disclosure']}",keyword
E-SOC-004,Why is access to credit important for small businesses?,esg,conceptual,0.08,{'conceptual': ['why']},keyword
E-ENV-053,How does renewable energy adoption affect long-term energy costs?,esg,unrouted,0.0,{},keyword
Q-EQ-032,A mature firm announces a large share buyback. How might this affect valuation under equity pricing models?,quantitative,quantitative,0.04,"{'quantitative': ['valuation'], 'conceptual': ['model']}",keyword
E-ENV-044,Why are offsets sometimes criticized in ESG analysis?,esg,conceptual,0.08,"{'conceptual': ['why'], 'esg': ['esg']}",keyword
Q-RISK-025,Why might historical VaR underestimate future risk?,quantitative,conceptual,0.08,{'conceptual': ['why']},keyword
C-MKT-030,Why are clearinghouses important in derivatives markets?,conceptual,conceptual,0.08,{'conceptual': ['why']},keyword
C-RR-044,Why might risk premia vary over time?,conceptual,conceptual,0.08,{'conceptual': ['why']},keyword
Q-ADV-015,"A firm receives ₹1,00,000 annually for 3 years starting next year at 8%. Compute PV.",quantitative,quantitative,0.04,{'quantitative': ['compute']},keyword
A-ADV-053,How should advisors address suitability for migrant or transient workers?,advisory,unrouted,0.0,{},keyword
C-BF-033,Why does herding among professional investors occur?,conceptual,conceptual,0.08,"{'conceptual': ['why'], 'advisory': ['investor']}",keyword
Q-PRD-021,"If VaR increases, portfolio risk?",quantitative,quantitative,0.04,{'quantitative': ['portfolio']},keyword
A-ADV-022,What should an advisor consider when a client’s stated risk tolerance conflicts with behavior?,advisory,advisory,0.18,"{'advisory': ['risk tolerance', 'client']}",keyword
C-CF-026,What role does the board of directors play in corporate governance?,conceptual,quantitative,0.04,"{'quantitative': ['rate'], 'esg': ['governance']}",keyword
E-GOV-060,Why is continuous improvement important in governance practices?,esg,conceptual,0.08,"{'conceptual': ['why'], 'esg': ['governance']}",keyword
C-FI-010,How do pension funds influence capital markets?,conceptual,unrouted,0.0,{},keyword
Q-RISK-012,Why is variance less intuitive than standard deviation for risk interpretation?,quantitative,conceptual,0.17,"{'quantitative': ['standard deviation'], 'conceptual': ['why', 'interpret']}",keyword
Q-TVM-005,"A project pays ₹80,000 annually for 4 years. If the discount rate is 10% and the initial investment is ₹2,50,000, compute NPV.",quantitative,quantitative,0.17,"{'quantitative': ['npv', 'compute', 'discount rate', 'rate']}",keyword
C-CF-025,Why does excessive executive compensation raise governance concerns?,conceptual,conceptual,0.08,"{'conceptual': ['why'], 'esg': ['governance']}",keyword
A-ADV-226,How can ESG discussions enhance investor engagement?,advisory,esg,0.07,"{'esg': ['esg'], 'advisory': ['investor']}",keyword
Q-ADV-011,"A firm invests ₹5,00,000 and receives ₹2,00,000 in year 2 and ₹4,00,000 in year 4 at 12%. Compute PV.",quantitative,quantitative,0.04,{'quantitative': ['compute']},keyword
A-ADV-050,How should advisors support clients with disabilities in financial decision-making?,advisory,advisory,0.09,{'advisory': ['client']},keyword
Q-PORT-043,What does the CAPM model relate expected return to?,quantitative,quantitative,0.04,"{'quantitative': ['return'], 'conceptual': ['model']}",keyword
A-ADV-035,How should advisors manage emotional reactions during market downturns?,advisory,unrouted,0.0,{},keyword
A-ADV-055,How does suitability assessment support financial inclusion goals?,advisory,unrouted,0.0,{},keyword
C-MKT-021,How does information asymmetry affect financial market efficiency?,conceptual,unrouted,0.0,{},keyword
A-ADV-217,Why should advisors avoid assuming ESG preferences?,advisory,conceptual,0.08,"{'conceptual': ['why'], 'esg': ['esg']}",keyword
C-MKT-002,What distinguishes primary markets from secondary markets?,conceptual,unrouted,0.0,{},keyword
Q-BOND-007,"A bond with face value ₹1,000 pays ₹80 annually and matures in 10 years. If the market price is ₹1,050, is the YTM higher or lower than the coupon rate?",quantitative,quantitative,0.17,"{'quantitative': ['coupon', 'ytm', 'rate', 'price']}",keyword
Q-TVM-023,"A project requires an investment of ₹3,50,000 and pays ₹90,000 annually for 6 years. If the discount rate is 9%, compute the NPV.",quantitative,quantitative,0.17,"{'quantitative': ['npv', 'compute', 'discount rate', 'rate']}",keyword
C-ME-024,What is momentum in asset returns?,conceptual,quantitative,0.04,"{'quantitative': ['return'], 'conceptual': ['what is']}",keyword
Q-PORT-027,A portfolio’s realized return differs from expected return. What explains this difference?,quantitative,quantitative,0.08,"{'quantitative': ['return', 'portfolio'], 'conceptual': ['explain', 'difference']}",keyword
C-RR-042,Why is expected return not guaranteed even for high-beta assets?,conceptual,quantitative,0.08,"{'quantitative': ['beta', 'return'], 'conceptual': ['why']}",keyword
A-ADV-090,How does rebalancing enforce investment discipline?,advisory,unrouted,0.0,{},keyword
E-SOC-050,Why is social impact increasingly integrated into investment analysis?,esg,quantitative,0.04,"{'quantitative': ['rate'], 'conceptual': ['why'], 'esg': ['social']}",keyword
Q-TVM-008,"A project generates ₹95,000 annually for 5 years. If the discount rate is 11% and the initial investment is ₹3,40,000, compute the NPV.",quantitative,quantitative,0.17,"{'quantitative': ['npv', 'compute', 'discount rate', 'rate']}",keyword
E-ESG-012,What role does governance play in ESG frameworks?,esg,esg,0.13,"{'conceptual': ['framework'], 'esg': ['esg', 'governance']}",keyword
C-BF-039,Why are behavioral anomalies difficult to exploit systematically?,conceptual,conceptual,0.08,{'conceptual': ['why']},keyword
C-FI-012,What systemic risk arises from interconnected intermediaries?,conceptual,unrouted,0.0,{},keyword
Q-DER-070,Why do derivatives require strong risk governance frameworks?,quantitative,conceptual,0.17,"{'conceptual': ['why', 'framework'], 'esg': ['governance']}",keyword
Q-BOND-045,A bond investor observes that two bonds with similar maturities react differently to yield changes. What factor could explain this difference?,quantitative,conceptual,0.17,"{'quantitative': ['yield'], 'conceptual': ['explain', 'difference'], 'advisory': ['investor']}",keyword
C-CF-019,How does macroeconomic uncertainty affect financing decisions?,conceptual,unrouted,0.0,{},keyword
Q-RISK-021,What does Value at Risk (VaR) measure?,quantitative,unrouted,0.0,{},keyword
C-FI-015,Why are shadow banking activities a regulatory concern?,conceptual,conceptual,0.08,{'conceptual': ['why']},keyword
Q-PRD-045,Misuse of derivatives can increase what?,quantitative,unrouted,0.0,{},keyword
A-ADV-204,How does overconfidence affect responses to uncertainty?,advisory,unrouted,0.0,{},keyword
C-CF-020,Why is optimal capital structure firm-specific?,conceptual,conceptual,0.08,{'conceptual': ['why']},keyword
C-ME-038,How do factor models reinterpret anomalies?,conceptual,conceptual,0.17,"{'conceptual': ['model', 'interpret']}",keyword
Q-ADV-005,"A machine costs ₹6,00,000 and saves ₹1,60,000 per year for 5 years at 11%. Compute NPV.",quantitative,quantitative,0.08,"{'quantitative': ['npv', 'compute']}",keyword
A-ADV-107,How does inflation uncertainty influence long-term asset allocation?,advisory,unrouted,0.0,{},keyword
Q-BOND-004,"A zero-coupon bond with face value ₹1,000 matures in 4 years. If the discount rate is 8%, what is its price?",quantitative,quantitative,0.17,"{'quantitative': ['coupon', 'discount rate', 'rate', 'price'], 'conceptual': ['what is']}",keyword
C-MKT-033,How does market fragmentation affect price discovery?,conceptual,quantitative,0.04,{'quantitative': ['price']},keyword
Q-DER-058,A futures hedge eliminates price risk but increases liquidity risk. Why?,quantitative,quantitative,0.04,"{'quantitative': ['price'], 'conceptual': ['why']}",keyword
Q-TVM-069,"An annuity pays ₹38,000 annually for 15 years. If the discount rate is 7%, what is its present value?",quantitative,quantitative,0.17,"{'quantitative': ['annuity', 'present value', 'discount rate', 'rate'], 'conceptual': ['what is']}",keyword
E-ENV-050,How can climate transition risk affect long-term competitiveness?,esg,esg,0.13,"{'esg': ['transition risk', 'climate']}",keyword
C-FI-008,Why are mutual funds considered financial intermediaries?,conceptual,conceptual,0.08,{'conceptual': ['why']},keyword
Q-BOND-023,"If interest rates increase by a small amount, what happens to the price of a bond with high duration?",quantitative,quantitative,0.12,"{'quantitative': ['duration', 'rate', 'price']}",keyword
A-ADV-073,How does inflation influence asset allocation decisions?,advisory,unrouted,0.0,{},keyword
A-ADV-104,Why might investors rebalance after strong equity market rallies?,advisory,conceptual,0.08,"{'conceptual': ['why'], 'advisory': ['investor']}",keyword
E-SOC-014,Why is equal pay an ESG concern?,esg,conceptual,0.08,"{'conceptual': ['why'], 'esg': ['esg']}",keyword
Q-EQ-002,"A company pays a constant annual dividend of ₹8. If the required return is 8%, what is the value of the stock?",quantitative,quantitative,0.04,"{'quantitative': ['return'], 'conceptual': ['what is']}",keyword
Q-PORT-034,Why is covariance important in portfolio risk calculation?,quantitative,quantitative,0.04,"{'quantitative': ['portfolio'], 'conceptual': ['why']}",keyword
E-SOC-041,How do social controversies affect firm valuation?,esg,quantitative,0.04,"{'quantitative': ['valuation'], 'esg': ['social']}",keyword
A-ADV-239,Why is long-term perspective important when evaluating ESG performance?,advisory,conceptual,0.08,"{'conceptual': ['why'], 'esg': ['esg']}",keyword
Q-DER-015,"What happens to a call option’s value when interest rates rise, all else equal?",quantitative,quantitative,0.04,{'quantitative': ['rate']},keyword
E-ENV-065,What risk do renewable energy projects face without policy support?,esg,unrouted,0.0,{},keyword
Q-BOND-031,What does convexity measure in bond pricing?,quantitative,quantitative,0.04,{'quantitative': ['convexity']},keyword
E-ENV-035,Why are interim targets important in net-zero strategies?,esg,quantitative,0.04,"{'quantitative': ['rate'], 'conceptual': ['why']}",keyword
C-BF-022,Why doesn’t arbitrage always eliminate mispricing quickly?,conceptual,conceptual,0.08,{'conceptual': ['why']},keyword
Q-RISK-039,Which type of return distribution increases downside risk?,quantitative,quantitative,0.04,{'quantitative': ['return']},keyword
A-ADV-008,Why is understanding tax considerations relevant in advisory contexts?,advisory,conceptual,0.08,{'conceptual': ['why']},keyword
A-ADV-084,Why is drawdown risk relevant for asset allocation decisions?,advisory,conceptual,0.08,{'conceptual': ['why']},keyword
E-GOV-035,How can governance failures affect firm valuation?,esg,quantitative,0.04,"{'quantitative': ['valuation'], 'esg': ['governance']}",keyword
Q-BOND-050,A zero-coupon bond is more volatile in price than a coupon-paying bond with the same maturity. Why?,quantitative,quantitative,0.08,"{'quantitative': ['coupon', 'price'], 'conceptual': ['why']}",keyword
A-ADV-188,Why can crisis periods strengthen long-term advisory relationships?,advisory,conceptual,0.08,{'conceptual': ['why']},keyword
A-ADV-117,Why is scenario planning useful in asset allocation?,advisory,conceptual,0.08,{'conceptual': ['why']},keyword
Q-DER-068,A firm uses derivatives primarily for accounting benefits. What risk arises?,quantitative,unrouted,0.0,{},keyword
A-ADV-241,Why might ESG funds exhibit tracking error relative to indices?,advisory,conceptual,0.08,"{'conceptual': ['why'], 'esg': ['esg']}",keyword
A-ADV-002,Why is investment time horizon important in suitability assessment?,advisory,conceptual,0.08,{'conceptual': ['why']},keyword
Q-PORT-024,A portfolio contains stocks and bonds. What diversification benefit does this offer?,quantitative,quantitative,0.04,{'quantitative': ['portfolio']},keyword
Q-RISK-036,What is downside risk primarily concerned with?,quantitative,conceptual,0.08,{'conceptual': ['what is']},keyword
E-ENV-027,Why is Scope 3 emissions disclosure increasingly emphasized?,esg,esg,0.2,"{'conceptual': ['why'], 'esg': ['scope 3', 'emissions', 'disclosure']}",keyword
A-ADV-092,How does transaction cost affect rebalancing decisions?,advisory,unrouted,0.0,{},keyword
E-GOV-049,How do shareholder voting rights support governance accountability?,esg,esg,0.07,{'esg': ['governance']},keyword
Q-BOND-030,"If two bonds have the same duration, what can be said about their sensitivity to interest rate changes?",quantitative,quantitative,0.08,"{'quantitative': ['duration', 'rate']}",keyword
