{
  "router": "keyword",
  "accuracy": 0.46551724137931033,
  "classification_report": {
    "quantitative": {
      "precision": 0.78125,
      "recall": 0.7575757575757576,
      "f1-score": 0.7692307692307693,
      "support": 66.0
    },
    "advisory": {
      "precision": 1.0,
      "recall": 0.10256410256410256,
      "f1-score": 0.18604651162790697,
      "support": 39.0
    },
    "conceptual": {
      "precision": 0.3064516129032258,
      "recall": 0.5277777777777778,
      "f1-score": 0.3877551020408163,
      "support": 36.0
    },
    "esg": {
      "precision": 0.7272727272727273,
      "recall": 0.24242424242424243,
      "f1-score": 0.36363636363636365,
      "support": 33.0
    },
    "micro avg": {
      "precision": 0.574468085106383,
      "recall": 0.46551724137931033,
      "f1-score": 0.5142857142857142,
      "support": 174.0
    },
    "macro avg": {
      "precision": 0.7037435850439884,
      "recall": 0.4075854700854701,
      "f1-score": 0.4266671866339641,
      "support": 174.0
    },
    "weighted avg": {
      "precision": 0.7218089543937708,
      "recall": 0.46551724137931033,
      "f1-score": 0.4826679792884398,
      "support": 174.0
    }
  }
}