{
  "seed": 42,
  "encoder_model": "sentence-transformers/all-MiniLM-L6-v2",
  "classifier_path": "/content/drive/MyDrive/FinGuardSDG/models/encoder/encoder_classifier.joblib",
  "keyword_threshold": 2,
  "keyword_map": {
    "quantitative": [
      "calculate",
      "compute",
      "variance",
      "covariance",
      "beta",
      "duration",
      "convexity",
      "return",
      "yield",
      "volatility",
      "npv",
      "present value",
      "future value",
      "discount rate",
      "formula",
      "rate",
      "annuity",
      "cash flow"
    ],
    "advisory": [
      "should",
      "recommend",
      "suggest",
      "advisor",
      "portfolio",
      "risk tolerance",
      "investor",
      "allocation",
      "suitability"
    ],
    "conceptual": [
      "why",
      "explain",
      "describe",
      "define",
      "conceptually",
      "theory",
      "principle",
      "interpretation"
    ],
    "esg": [
      "esg",
      "environment",
      "governance",
      "sustainability",
      "carbon",
      "emissions",
      "stewardship",
      "renewable"
    ]
  }
}