{
  "router": "encoder_minilm",
  "accuracy": 0.8735632183908046,
  "macro_f1": 0.869471609983944,
  "per_class": {
    "advisory": {
      "precision": 0.9230769230769231,
      "recall": 0.9230769230769231,
      "f1-score": 0.9230769230769231,
      "support": 39.0
    },
    "conceptual": {
      "precision": 0.7142857142857143,
      "recall": 0.8333333333333334,
      "f1-score": 0.7692307692307693,
      "support": 36.0
    },
    "esg": {
      "precision": 0.8571428571428571,
      "recall": 0.9090909090909091,
      "f1-score": 0.8823529411764706,
      "support": 33.0
    },
    "quantitative": {
      "precision": 0.9655172413793104,
      "recall": 0.8484848484848485,
      "f1-score": 0.9032258064516129,
      "support": 66.0
    }
  }
}