id,true_label,predicted_label,confidence,router
Q-TVM-054,quantitative,quantitative,0.9640267989591419,encoder_minilm
Q-EQ-047,quantitative,quantitative,0.7514537681371606,encoder_minilm
C-RR-011,conceptual,conceptual,0.6257628258980976,encoder_minilm
C-RR-020,conceptual,quantitative,0.3122732649462615,encoder_minilm
Q-TVM-051,quantitative,quantitative,0.9793437523775853,encoder_minilm
Q-PORT-052,quantitative,conceptual,0.41318558531949234,encoder_minilm
Q-PORT-022,quantitative,quantitative,0.7019165138771755,encoder_minilm
C-BF-017,conceptual,quantitative,0.46845119734814716,encoder_minilm
Q-TVM-001,quantitative,quantitative,0.9464505862156013,encoder_minilm
Q-TVM-063,quantitative,quantitative,0.9567641820214284,encoder_minilm
C-CF-014,conceptual,conceptual,0.6887851681055039,encoder_minilm
A-ADV-244,advisory,advisory,0.9271758144608566,encoder_minilm
Q-ADV-028,quantitative,quantitative,0.9015193385479314,encoder_minilm
Q-PRD-009,quantitative,quantitative,0.7814283296735919,encoder_minilm
Q-DER-047,quantitative,quantitative,0.5916099591938343,encoder_minilm
Q-PORT-030,quantitative,conceptual,0.4689744047121356,encoder_minilm
Q-PRD-018,quantitative,quantitative,0.8149878334526408,encoder_minilm
E-SOC-018,esg,conceptual,0.4473099331503877,encoder_minilm
E-SOC-003,esg,esg,0.43579849841502494,encoder_minilm
Q-EQ-017,quantitative,quantitative,0.5319470678437139,encoder_minilm
Q-PORT-015,quantitative,quantitative,0.9628450103230957,encoder_minilm
E-GOV-004,esg,esg,0.8319228407301525,encoder_minilm
A-ADV-049,advisory,advisory,0.8915378913384274,encoder_minilm
Q-TVM-034,quantitative,quantitative,0.9272176089107528,encoder_minilm
Q-BOND-018,quantitative,quantitative,0.9127609866376557,encoder_minilm
Q-RISK-035,quantitative,conceptual,0.41920155023177597,encoder_minilm
E-SOC-010,esg,esg,0.8615831745882268,encoder_minilm
E-GOV-003,esg,esg,0.8899132896154724,encoder_minilm
C-CF-039,conceptual,conceptual,0.6583318207919076,encoder_minilm
A-ADV-161,advisory,advisory,0.8751454908109402,encoder_minilm
A-ADV-075,advisory,advisory,0.6211589337752399,encoder_minilm
Q-PORT-025,quantitative,quantitative,0.8861576062302876,encoder_minilm
Q-DER-036,quantitative,quantitative,0.6098258803207691,encoder_minilm
C-MKT-008,conceptual,conceptual,0.7562473562158337,encoder_minilm
Q-PRD-023,quantitative,quantitative,0.46044590638374683,encoder_minilm
A-ADV-060,advisory,advisory,0.4278683927279277,encoder_minilm
Q-TVM-043,quantitative,quantitative,0.9712975919998673,encoder_minilm
Q-PORT-056,quantitative,quantitative,0.45849761936939093,encoder_minilm
E-GOV-019,esg,esg,0.8498013778405795,encoder_minilm
C-MKT-009,conceptual,conceptual,0.5294615998841983,encoder_minilm
A-ADV-192,advisory,advisory,0.7748878644122782,encoder_minilm
Q-PORT-060,quantitative,quantitative,0.6490299714429969,encoder_minilm
C-FI-026,conceptual,conceptual,0.6516137664914362,encoder_minilm
Q-PORT-058,quantitative,quantitative,0.6907640073740355,encoder_minilm
E-ENV-004,esg,esg,0.4002981589091714,encoder_minilm
E-SOC-047,esg,esg,0.48777954709983024,encoder_minilm
E-GOV-009,esg,esg,0.5140432404535583,encoder_minilm
Q-BOND-039,quantitative,quantitative,0.8211838007977422,encoder_minilm
A-ADV-215,advisory,advisory,0.6705111341394338,encoder_minilm
A-ADV-158,advisory,advisory,0.4210406356487698,encoder_minilm
C-BF-005,conceptual,conceptual,0.44694826904884577,encoder_minilm
C-ME-006,conceptual,conceptual,0.5769794743611804,encoder_minilm
Q-PORT-026,quantitative,advisory,0.45313697362903216,encoder_minilm
A-ADV-167,advisory,advisory,0.7765214080444102,encoder_minilm
E-ENV-061,esg,esg,0.6264763555106824,encoder_minilm
E-ENV-041,esg,esg,0.7238450807568335,encoder_minilm
A-ADV-051,advisory,conceptual,0.5398978492050437,encoder_minilm
E-GOV-018,esg,esg,0.7683059784559507,encoder_minilm
Q-BOND-036,quantitative,quantitative,0.8857444141215948,encoder_minilm
A-ADV-122,advisory,advisory,0.7179622545906211,encoder_minilm
C-CF-038,conceptual,esg,0.5866015123819831,encoder_minilm
Q-ADV-008,quantitative,quantitative,0.9605472167667739,encoder_minilm
A-ADV-170,advisory,conceptual,0.48578395025153953,encoder_minilm
A-ADV-014,advisory,advisory,0.9281423499539424,encoder_minilm
C-BF-010,conceptual,conceptual,0.5272425335637634,encoder_minilm
Q-DER-021,quantitative,quantitative,0.8970607363938535,encoder_minilm
Q-EQ-020,quantitative,quantitative,0.6521359082193219,encoder_minilm
A-ADV-038,advisory,advisory,0.5269502102342759,encoder_minilm
E-ENV-003,esg,esg,0.8278188612200345,encoder_minilm
C-MKT-038,conceptual,conceptual,0.7400202301231756,encoder_minilm
E-GOV-002,esg,esg,0.6171635684557802,encoder_minilm
A-ADV-152,advisory,advisory,0.49208220806863545,encoder_minilm
Q-DER-040,quantitative,quantitative,0.6116340217849311,encoder_minilm
A-ADV-252,advisory,esg,0.47065886642058075,encoder_minilm
C-RR-050,conceptual,conceptual,0.5078425760781821,encoder_minilm
Q-ADV-042,quantitative,quantitative,0.46989706022828565,encoder_minilm
C-RR-035,conceptual,conceptual,0.8449544633567255,encoder_minilm
Q-TVM-030,quantitative,quantitative,0.9739494297335315,encoder_minilm
E-GOV-045,esg,esg,0.8760028231491646,encoder_minilm
A-ADV-088,advisory,advisory,0.5795957511549086,encoder_minilm
A-ADV-018,advisory,advisory,0.8593900365641782,encoder_minilm
E-ESG-021,esg,esg,0.7970590467139183,encoder_minilm
E-GOV-046,esg,esg,0.6846694402290538,encoder_minilm
C-BF-030,conceptual,conceptual,0.615759438311598,encoder_minilm
A-ADV-111,advisory,advisory,0.7500684378281092,encoder_minilm
Q-DER-019,quantitative,quantitative,0.4286255304023098,encoder_minilm
Q-RISK-011,quantitative,quantitative,0.5596065494682485,encoder_minilm
E-ESG-036,esg,esg,0.9224517293499962,encoder_minilm
C-BF-028,conceptual,conceptual,0.5621385947434243,encoder_minilm
E-ESG-035,esg,esg,0.6365701718205166,encoder_minilm
E-SOC-004,esg,conceptual,0.5450087036055649,encoder_minilm
E-ENV-053,esg,esg,0.713187723368571,encoder_minilm
Q-EQ-032,quantitative,quantitative,0.6055593581167367,encoder_minilm
E-ENV-044,esg,esg,0.522742362134763,encoder_minilm
Q-RISK-025,quantitative,quantitative,0.39613242884612243,encoder_minilm
C-MKT-030,conceptual,conceptual,0.6525896199066549,encoder_minilm
C-RR-044,conceptual,conceptual,0.4875464314645726,encoder_minilm
Q-ADV-015,quantitative,quantitative,0.9366855965932098,encoder_minilm
A-ADV-053,advisory,advisory,0.8476267530294782,encoder_minilm
C-BF-033,conceptual,conceptual,0.5735277146481099,encoder_minilm
Q-PRD-021,quantitative,quantitative,0.7919622858666262,encoder_minilm
A-ADV-022,advisory,advisory,0.8973002657937118,encoder_minilm
C-CF-026,conceptual,esg,0.6902971002365891,encoder_minilm
E-GOV-060,esg,esg,0.8230618240498478,encoder_minilm
C-FI-010,conceptual,conceptual,0.6108585302898218,encoder_minilm
Q-RISK-012,quantitative,conceptual,0.5255154068500143,encoder_minilm
Q-TVM-005,quantitative,quantitative,0.9402674671165854,encoder_minilm
C-CF-025,conceptual,esg,0.5890058188051978,encoder_minilm
A-ADV-226,advisory,advisory,0.5475361466299601,encoder_minilm
Q-ADV-011,quantitative,quantitative,0.9618124544406318,encoder_minilm
A-ADV-050,advisory,advisory,0.8758086515933309,encoder_minilm
Q-PORT-043,quantitative,conceptual,0.6214219396577335,encoder_minilm
A-ADV-035,advisory,advisory,0.9072418100510742,encoder_minilm
A-ADV-055,advisory,advisory,0.47601878906220924,encoder_minilm
C-MKT-021,conceptual,conceptual,0.900598250376255,encoder_minilm
A-ADV-217,advisory,advisory,0.9378994254360236,encoder_minilm
C-MKT-002,conceptual,conceptual,0.8449015825946397,encoder_minilm
Q-BOND-007,quantitative,quantitative,0.9745632929853153,encoder_minilm
Q-TVM-023,quantitative,quantitative,0.9361411002468808,encoder_minilm
C-ME-024,conceptual,conceptual,0.49196819673727193,encoder_minilm
Q-PORT-027,quantitative,quantitative,0.670444999790935,encoder_minilm
C-RR-042,conceptual,conceptual,0.5323093475492635,encoder_minilm
A-ADV-090,advisory,advisory,0.7270195765977746,encoder_minilm
E-SOC-050,esg,esg,0.5702371046862186,encoder_minilm
Q-TVM-008,quantitative,quantitative,0.9483093587629725,encoder_minilm
E-ESG-012,esg,esg,0.9223435990958051,encoder_minilm
C-BF-039,conceptual,conceptual,0.7223004180600786,encoder_minilm
C-FI-012,conceptual,conceptual,0.5192592347501604,encoder_minilm
Q-DER-070,quantitative,conceptual,0.6024647378472912,encoder_minilm
Q-BOND-045,quantitative,quantitative,0.7733872245670362,encoder_minilm
C-CF-019,conceptual,conceptual,0.6120573908033327,encoder_minilm
Q-RISK-021,quantitative,quantitative,0.7017593860132574,encoder_minilm
C-FI-015,conceptual,esg,0.5817225579796335,encoder_minilm
Q-PRD-045,quantitative,quantitative,0.4795358662553023,encoder_minilm
A-ADV-204,advisory,advisory,0.6027465037431996,encoder_minilm
C-CF-020,conceptual,conceptual,0.7709307638862174,encoder_minilm
C-ME-038,conceptual,conceptual,0.5864424526479919,encoder_minilm
Q-ADV-005,quantitative,quantitative,0.9171018055999453,encoder_minilm
A-ADV-107,advisory,advisory,0.7836604909245736,encoder_minilm
Q-BOND-004,quantitative,quantitative,0.9845223809132664,encoder_minilm
C-MKT-033,conceptual,conceptual,0.6544306860057401,encoder_minilm
Q-DER-058,quantitative,quantitative,0.5851027810269406,encoder_minilm
Q-TVM-069,quantitative,quantitative,0.9770447103955984,encoder_minilm
E-ENV-050,esg,esg,0.7782389696396802,encoder_minilm
C-FI-008,conceptual,conceptual,0.7964884730763346,encoder_minilm
Q-BOND-023,quantitative,quantitative,0.9236669430722831,encoder_minilm
A-ADV-073,advisory,advisory,0.6802850707331676,encoder_minilm
A-ADV-104,advisory,advisory,0.5784745119469584,encoder_minilm
E-SOC-014,esg,esg,0.8261836798032977,encoder_minilm
Q-EQ-002,quantitative,quantitative,0.9571568312458807,encoder_minilm
Q-PORT-034,quantitative,conceptual,0.3192199199497473,encoder_minilm
E-SOC-041,esg,esg,0.558784476421602,encoder_minilm
A-ADV-239,advisory,advisory,0.643194333308663,encoder_minilm
Q-DER-015,quantitative,quantitative,0.9505637134190578,encoder_minilm
E-ENV-065,esg,esg,0.8275787323731701,encoder_minilm
Q-BOND-031,quantitative,quantitative,0.7018636118158271,encoder_minilm
E-ENV-035,esg,advisory,0.36118779733529766,encoder_minilm
C-BF-022,conceptual,conceptual,0.7252546124735854,encoder_minilm
Q-RISK-039,quantitative,quantitative,0.41078355206513084,encoder_minilm
A-ADV-008,advisory,advisory,0.5647039283880858,encoder_minilm
A-ADV-084,advisory,advisory,0.7079452458200453,encoder_minilm
E-GOV-035,esg,esg,0.5220010293650508,encoder_minilm
Q-BOND-050,quantitative,quantitative,0.8337915733440762,encoder_minilm
A-ADV-188,advisory,advisory,0.8713366502266424,encoder_minilm
A-ADV-117,advisory,advisory,0.8559034092817575,encoder_minilm
Q-DER-068,quantitative,conceptual,0.540101442615727,encoder_minilm
A-ADV-241,advisory,advisory,0.41452834046810244,encoder_minilm
A-ADV-002,advisory,advisory,0.7332628906052111,encoder_minilm
Q-PORT-024,quantitative,quantitative,0.5439927192879779,encoder_minilm
Q-RISK-036,quantitative,advisory,0.34743199279283804,encoder_minilm
E-ENV-027,esg,esg,0.9194466767515315,encoder_minilm
A-ADV-092,advisory,advisory,0.370525501814056,encoder_minilm
E-GOV-049,esg,esg,0.8246688778331228,encoder_minilm
Q-BOND-030,quantitative,quantitative,0.7743336585044951,encoder_minilm
